"Title","Link","Desc","Year","Runtime"
"100% Love","https://hoichoi.tv/films/title/100-love","Rahul, who hails from a middle-class family, falls in love with Anuradha. However, he soon learns that she is getting married to his friend.",NA,9240
"Aagaman","https://hoichoi.tv/films/title/aagaman","""Aagaman"" revolves around the love story of a simple village boy and a girl from a respectable family. Will they unite? ","1985",9205
"Aat Paake Badha","https://hoichoi.tv/films/title/aat-paake-badha","""Aaat Pake Bandha"" revolves around Indra, the most sorted guy in his team whereas, Priya is an epitome of grace. Watch the a sweet tale of love of Indra and Priya.","2011",7800
"Abby Sen","https://hoichoi.tv/movies/abby-sen-2015","A televison producer after losing his seventh job, gets a chance to time-travel to the 80s in the hope of an easy life. Watch the journey of ""Abby Sen"" uravel.","2019",7633
"Abhijan","https://hoichoi.tv/films/title/abhijan","A taxi driver, Narsingh, attempts to reinvent his life by visiting his native place. However, things take a drastic turn when he gets involved in Sukhanram's smuggling and human trafficking business.","1955",7725
"Abhoyer Biye","https://hoichoi.tv/films/title/abhoyer-biye","A Bengali film about a man named Abhoy who is ridiculed for his poverty and upbringing by the woman he is engaged to.","1958",7661
"Aborto","https://hoichoi.tv/films/title/aborto","""Aborto"" revolves around Shyamal, an ambitious man who dreams to become the vice president of an MNC. While he competes to earn his place, he distances himself from his wife Charu.","2013",6702
"Accident","https://hoichoi.tv/films/title/accident","Arko, a retired cricketer is devoted to taking care of his son while his wife earns for the family. However, life and situations go south on them when their son dies in an accident.","2015",7740
"ACP Ranveer","https://hoichoi.tv/films/title/acp-ranveer","""ACP Ranveer"" revolves around a brave police inspector who fights for justice. But what happens when his family is in trouble? ","2012",9401
"Adbhoot","https://hoichoi.tv/films/title/adbhoot","A once-wealthy joint family experiences strange occurrences in the 200 year old house they live in. What happens when they sense strange happenings in the house? ","2017",7369
"Adhikar","https://hoichoi.tv/films/title/adhikar","""Adhikar"", revolves around a woman seeking revenge when her husband is wrongly accused of murder. Will she succeed? ","2011",9119
"Aghatan Ajo Ghate","https://hoichoi.tv/films/title/aghatan-ajo-ghate","""Aghatan Ajo Ghatey"" revolves around a childless couple who are blessed with a child. But what will this miracle lead to? ","2011",8100
"Agni Pariksha","https://hoichoi.tv/films/title/agni-pariksha","The story revolves around Tapasi , a singer who has been married forcefully as a child to a corrupted village zamindar’s son Bulu, and the adorable relationship between her and Kiriti.","1953",8177
"Agni Yuddha","https://hoichoi.tv/films/title/agni-yuddha","""Agni Yuddha"" is about the relationship between a brother and a sister that turns bitter when the sister falls in love. ","2011",9193
"Agnipath","https://hoichoi.tv/films/title/agnipath","""Agnipath"" revolves around brothers Sujay, Ajay and Bijay are inseparable. However, things take a tragic turn when Sujay gets killed by his boss and Bijay takes an oath to bring justice to his killer.","2011",9353
"Ahare Mon","https://hoichoi.tv/films/title/ahare-mon","An inciting romantic drama about people connected by one common thread - love. Will their tales have a happy ending? Pratim D Gupta takes us on yet another romantic journey in ""Ahaare Mon"".","2003",6636
"Ajab Gayer Ajab Katha","https://hoichoi.tv/films/title/ajab-gayer-ajab-katha","Raja Birchandra spends his time doing anything but protecting the treasure that is hidden below his palace. However, many of his villagers are sorely tempted to steal it.","1957",7920
"Alo Amar Alo","https://hoichoi.tv/films/title/alo-amar-alo","A Bengali film about an industrialist falling in love a girl whom he exploits. What happens when she loses her memory? Watch the Uttam Suchitra movie on hoichoi.
","1969",8013
"Alor Pipasa","https://hoichoi.tv/films/title/alor-pipasa","""Alor Pipasa"" explores the story of Roshanbai, a dancer from a brothel, who hides her true identity to marry a Brahmin man. However, when he learns of her true identity, he abandons her.","1965",7533
"Amar Adorer Bon","https://hoichoi.tv/films/title/amar-adorer-bon","Amader Adorer Bon explores the bond of a brother and a sister. However, their relationship is strained when they fall into the trap of misunderstanding against each other.","2011",8148
"Amar Prem","https://hoichoi.tv/films/title/amar-prem","Deepika and Subho, who are in love, struggle to unite as her father disapproves of Subho. Meanwhile, her father betroths her to an evil man who is only interested in their family's property.","1989",8064
"Amazon Obhijaan","https://hoichoi.tv/films/title/amazon-obhijaan","Shankar sets out on another adventure, this time in search of the hidden city of El Dorado in Amazon. Watch ""Amazon Obhijaan"" a thrilling sequel to the blockbuster Chander Pahar.","2018",8338
"Ami Achi Sei Je Tomar","https://hoichoi.tv/films/title/ami-achi-sei-je-tomar","""Priya loses her lover, Bhaskar, in an accident. When a music teacher, Angshuman, comes to her hometown, Priya realizes that he is none other than Bhaskar, whose face was disfigured in the accident.
""","2011",7680
"Ami Je Ke Tomar","https://hoichoi.tv/films/title/ami-je-ke-tomar","""Ami Je Ke Tomar"" revolves around Aditya, a hotelier, runs the business along with his best friend Prachi. But, things take an unexpected turn when he meets Esha and is smitten by her without knowing her past.","2017",8261
"Ami Subhash Bolchi","https://hoichoi.tv/films/title/ami-subhash-bolchi","A commoner, Debarata, adopts the ideologies of Netaji Subhas Chandra Bose to create unity among the Bengali community to fight the wrongdoers.","2013",10980
"Amrit Kumbher Sandhane","https://hoichoi.tv/films/title/amrit-kumbher-sandhane","Based on a story by Samaresh Basu, the film narrates the accounts of the central character of the story, as he observes the devotees at Kumbh Mela. ","1982",8776
"Antony Firingee","https://hoichoi.tv/films/title/antony-firingee","""Antony Firingee"" tells the classic tale of Hensman Anthony, a Bengali language poet and singer from Portugal, and his tragic love story. ","1965",8895
"Anu","https://hoichoi.tv/films/title/anu","Anu, a dreamy-eyed and middle-class girl falls in love with Sugoto, a political activist, who is arrested. After his release Anu realizes that she is an entity to him and leaves Sugoto.","2013",7178
"Anupama","https://hoichoi.tv/films/title/anupama","""Anupama"" is a classic tale of Abani, a young man dealing with poverty elopes with Sudha when her uncle forces her to marry a sick man.","1953",7371
"Apan Jan","https://hoichoi.tv/films/title/apan-jan","""Apanjan"" is about a lonely widow who comes to Kolkata with a man she believes to be her nephew. However, when she gets exploited she moves out into  the world of violence.","1957",8776
"Aparajito","https://hoichoi.tv/films/title/aparajito","After the death of his father, Apu leaves his mother and goes to Kolkata to complete his education. His mother falls sick but she does not let the news reach him as it would affect his studies.","1955",5617
"Apur Panchali","https://hoichoi.tv/films/title/apur-panchali","""Apur Panchali"" tells the tale of Subir Banerjee,the little child actor who played the iconic role of Apu in Pather Panchali.","2014",6408
"Arogya Niketan","https://hoichoi.tv/films/title/arogya-niketan","নবগ্রামের জীবন ডাক্তার একেবারে ধন্বন্তরি। সবাই জানে আয়ুর্বেদিক চিকিৎসায় তাঁর তুলনা নেই। এমন সময়, সেই একই গ্রামে এসে প্র্যাক্টিস শুরু করে এমবিবিএস পাস করা অ্যালোপ্যাথী ডাক্তার প্রদ্যুত সেন – আর শুরু হয় পুরোনোর সঙ্গে নতুনের, চিরাচরিতের সঙ্গে আধুনিকের, অহংকার আর অভিজ্ঞতার লড়াই। দেখুন ‘আরোগ্য নিকেতন’, শুধুমাত্র হইচই-তে।
","1969",8107
"Arshinagar","https://hoichoi.tv/films/title/arshinagar","An adaptation of Shakespeare's Romeo and Juliet, the film revolves around Ranajit and Julekha belong to rival families where the enmity between them goes way back. However, when they meet, there is an unbeatable connection that eventually turns to love.","2013",9078
"Asche Bochor Abar Hobe","https://hoichoi.tv/films/title/asche-bochor-abar-hobe","""Asche Bocchor Abar Hobe"" revolves around Arya and Piu who meet each other and soon love blossoms between the two. But, their relationship is tested when they get intimate with each other.","2015",7446
"Ashani Sanket","https://hoichoi.tv/films/title/ashani-sanket","Gangacharan is a village Brahmin who teaches, organises religious events and tries to prevent epidemics. However, things get difficult with a raging war and an approaching famine.","1955",5818
"Ashite Ashiona","https://hoichoi.tv/films/title/ashite-ashiona","""Ashite Ashiona"" is about a man in his 80s who wishes to go back to his youth. Things take a hillarious turn when he falls into a pond and is overjoyed when his dream comes true.","1965",5733
"Atal Jaler Ahwan","https://hoichoi.tv/films/title/atal-jaler-ahwan","Sreemonto, who raises his son Jayanta single-handedly, finds solace in his friend Anuradha but soon, she leaves him. Years later, Jayanta falls in love with Anuradha's daughter.","2011",7670
"Atanka","https://hoichoi.tv/films/title/atanka","""Atanka"" tells the story of an aged teacher who witnesses a crime committed by his students. Will he speak up or be haunted into silence? ","1957",6398
"Autograph","https://hoichoi.tv/films/title/autograph","Arun, a famous Bengali actor, approves Shuvobrata's proposal of remaking Satyajit Ray's famous film 'Nayak'. Problems arise when Shuvobrata requests his live-in girlfriend Shrin to act opposite Arun.","2012",8340
"Awara","https://hoichoi.tv/films/title/awara","Surya falls in love with a girl and follows her to Kolkata, where she stays with her rowdy elder brother. Later, he decides to rescue her when he discovers that a gangster wants to marry her forcibly.","2012",8630
"Baba Taraknath","https://hoichoi.tv/films/title/baba-taraknath","A Bengali film on sibling love, told through a truck driver’s efforts to save his brothers from an evil businessman. Watch the film online on hoichoi.
","1977",9057
"Bagh Bondi Khela","https://hoichoi.tv/films/title/bagh-bondi-khela","Rajesh cannot condone his father’s vices and illegal crimes. Will he stand by his father, when he decides to support Rajesh? Watch the full movie on Hoichoi.","1973",7612
"Baghini","https://hoichoi.tv/films/title/baghini","""Baghini"" tells the story of Dugga who joins Chiranjib’s liquor business and falls in love with him. But since, he does not want her to be a part of his disturbed life, he decides to mend his ways.","1958",8613
"Baidurya Rahasya","https://hoichoi.tv/films/title/baidurya-rahasya","A Tapan Sinha classic, ""Baidurya Rahasya"" explores the ivestigation of Detective Madan Bose who tries to resolve the mystery of the electric gem.","1957",6533
"Baisakhi Megh","https://hoichoi.tv/films/title/baishakhi-megh","Set in the pre-independence era, ""Baisakhi Megh"" revolves around a four college students who rob a bank and unintentionally land up killing a police officer.","1980",8776
"Baishey Shravana (1960)","https://hoichoi.tv/films/title/baishey-shravana-1960","""Baishey Shravana"",  set in a village, portrays the pains of poverty, famine, and joblessness, before World War II. Watch one of the greatest films by ""Mrinal Sen"". ","1974",4890
"Bandini","https://hoichoi.tv/films/title/bandini","""Bandini' is a romantic film that narrates the stories of women and the struggles of their lives. Will they get their happy ending? ","1989",7913
"Bangali Babu English Mem","https://hoichoi.tv/films/title/bangali-babu-english-mem","Madhusudan, a young Bengali man, decides to go to Canada to attain its citizenship. At the airport, he befriends an aspiring fashion designer, Riya, and soon their friendship develops into love.","2014",8711
"Banku babu","https://hoichoi.tv/films/title/bankubabu","Bonku Babu has absolute control over his household, and even denies permission to his son and daughter-in-law to live separately. Things take a turn when the patriarch meets with an accident.","2015",8629
"Bapi Bari Ja","https://hoichoi.tv/films/title/bapi-bari-ja","After finding love and struggling through a decision on their careers, five friends must face the harsh realities of the world.","2014",6886
"Basanta Bilap","https://hoichoi.tv/films/title/basanta-bilap","""Basanta Bilap"" is a classic romcom that revolves around a huge but hilarious rivalry between the men and women living in a hostel - until love strikes! ","1955",7074
"Bastu Shaap","https://hoichoi.tv/films/title/bastu-shaap","A pair of professionals, who specialize in Vastu Shastra, are sent on a secret mission to a household in the outskirts of Darjeeling where they are supposed to figure out the root of the problem and provide a solution for the couple.","2008",7773
"Bawal","https://hoichoi.tv/films/title/bawal","""Bawal"" tells the story of Jishu who tries to elope with his girlfriend as they fail to get their parent's blessings. However, things take a different turn when he accidentally captures the sisters of a gangster instead of his girlfriend.","2017",7101
"Bazee","https://hoichoi.tv/films/title/bazee","Kashinath visits the city to meet his childhood friend, Raju. However, upon reaching the city he struggles to cope up with the modern society but a rich woman, Bobby, falls in love with him.","2012",8760
"Bedeneer Prem","https://hoichoi.tv/films/title/bedeneer-prem","Arjun is adopted and raised by a group of snake charmers, who name him Shiba. He falls in love with Radha and learns about his biological parents, who oppose their union.","2011",9120
"Belaseshe","https://hoichoi.tv/films/title/belaseshe","Biswanath after fifty years of his marriage with his wife Arati, decides to file for divorce. Was their whole life together just a compromise? Watch ""Belaseshe"", one of the most unique romantic stories.",NA,8457
"Bhalo Theko","https://hoichoi.tv/films/title/bhalo-theko","""Bhalo theko"" revolves around Anandi who lives with her parents, siblings and uncle and is in love with Babua. However, her life changes drastically when Babua goes abroad.","1971",7157
"Bhalobasa Bhalobasa","https://hoichoi.tv/films/title/bhalobasa-bhalobasa","Keya falls in love with Arup, the son of a famous deceased singer. However, the couple faces many obstacles when the girl's father decides to get her married to another man.","1985",8355
"Bhanu Goenda Jahar Assistant","https://hoichoi.tv/films/title/bhanu-goenda-jahar-assistant","""Bhanu Goenda Jahar Assistant"" is a classic comedy film about two detectives, Bhanu and Jahar, investigating the case of a girl who runs away from home! ","1969",6469
"Bhanu Pelo Lottery","https://hoichoi.tv/films/title/bhanu-pelo-lottery","Bhanu, a village-based artisan, makes a livelihood by singing and selling earthen toys. However, his life turns upside down when he wins a lot of money in a lottery.","1958",6185
"Bhokter Maa","https://hoichoi.tv/films/title/bhokter-maa","Bhokter Maa- a mythological film based on the Hindu legend of the war of the gods against the demons torturing the people on earth. ","2011",9906
"Bhooter Bhabishyat","https://hoichoi.tv/films/title/bhooter-bhabishyat","The experience of a filmmaker in a haunted house meets a film-buff who gives him a pot boiling story of a gang of ghosts. Is it just a story or are these ghosts around ? Watch the biggest comedy blockbuster of Bengali cinema ""Bhooter Bhabishyat"".","2012",7153
"Bibaho Diaries","https://hoichoi.tv/films/title/bibaho-diaries","Pratay and Royona, a young couple experience a different taste of life before and after their marriage. A hillarious romantic comedy that explores old age problems and new age solutions - ""Bibaho Diaries"".",NA,7543
"Bibaho Obhijaan","https://hoichoi.tv/films/title/bibaho-obhijaan","Rajat and Anupam, frustrated with their wives, flee from them but get entrapped in hilarious situations. Watch the pot boiling comedy ""Bibaho Obhijaan"".","2012",7066
"Bibhas","https://hoichoi.tv/films/title/bibhas","Bibhas, reaches a village where he finds work in a doctor's office. As a shocking turn of events, he finds out that the doctor has murdered many people and plans to expose his reality.","2011",7658
"Bicycle Kick","https://hoichoi.tv/films/title/bicycle-kick","""Bicycle Kick"" is a sports drama that revolves around Moti Nandy, a failed football player turned coach, trying to help a young, gifted player. Will he succeed? ","2014",4114
"Bidhatar Khela","https://hoichoi.tv/films/title/bidhatar-khela","Biswanath's wife Uma accepts and loves his family members like her own. However, things change when his brother marries a rich girl and their family gets separated.","2011",8826
"Bindaas","https://hoichoi.tv/films/title/bindaas","A Bengali hit starring Dev, narrating the story Abhi who falls in love with Kajol and tries to convince her family. Watch the 
",NA,9182
"Bindur Cheley","https://hoichoi.tv/films/title/bindur-cheley","Bindubasini, a young woman, faces conflicts in her married life. In an attempt to divert her attention, she decides to raise a child.","1973",6551
"Bipasha","https://hoichoi.tv/films/title/bipasha","A Bengali film about Bipasha who loves Dibyendu. What happens when he goes looking for his parents? Watch the Uttam-Suchitra film online on hoichoi.
","1962",7155
"Bisha Brikha","https://hoichoi.tv/films/title/bisha-brikha","Bisha Brikha tells the tale of a zamindar caught between his married life and his feelings for a gorgeous woman. Watch the onscreen adaptation of the novel by Bankim Chandra Chattopadhyay","1982",7478
"Bisorjon","https://hoichoi.tv/films/title/bisorjon","""Bisorjon"" revolves around Padma, a widow who finds an injured man on the banks of a river in Bangladesh and brings him home, without knowing who he really is.","2015",8278
"Biyallish","https://hoichoi.tv/films/title/biyallish","A Hemen Gupta directorial, the story revolves around the 'Quit India Movement' of 1942, as seen from the eyes of the people of a small town in Bengal. It depicts how Indians forced the British Empire to leave India.","1958",9060
"Bojhena Shey Bojhena","https://hoichoi.tv/films/title/bojhena-shey-bojhena","Two pairs of lovers embark on a bus journey, unaware of what their fate has in store for them. However, things take a drastic turn when their bus meets with an accident.",NA,8435
"Bolo Dugga Maiki","https://hoichoi.tv/films/title/bolo-dugga-maiki","Shamyo, surrounded by his own lies, changes when he meets a girl Uma, on a train. Watch one of the best comedies ""Bolo Dugga Maiki"".","2017",9462
"Bonpalashir Padabali","https://hoichoi.tv/films/title/bonpalashir-padabali","A Uttam Kumar directorial, ""Bon Palashir Padabali"" is a romantic drama about three stories on the lives of people living in a village named Bon Palashi. ","1973",32832
"Borbaad","https://hoichoi.tv/films/title/borbaad","Joy, a youngster, aims to own a bike and win the heart of his lady-love Nandini. Things take a turn when his newly purchased bike is stolen by gangster Akram.","2011",8232
"Bornoporichoy","https://hoichoi.tv/films/title/bornoporichoy","Dhanonjoy, a cop goes beyond everything to hunt down Arko, a serial killer, nearly ruining his life. Watch the neo noir crime thriller ""Bornoporichoy"".","2013",6076
"Boss","https://hoichoi.tv/films/title/boss","Surya, who aspires to become a don, accidentally falls in love with the daughter of the police commissioner. Watch one of the greatest bengali action film of all time ""Boss"".",NA,8258
"Boudi.Com","https://hoichoi.tv/films/title/boudicom","""Boudi.com explores a woman’s relationship with her four brothers-in-law, highlighting women’s role in society. ","2011",8200
"Brahma Janen Gopon Kommoti","https://hoichoi.tv/movies/brahma-janen-gopon-kommoti-2020","Sabari is a professor with a secret desire to perform rituals. This is a story of her struggles to become the first female priest while her own fiancé is shocked by her decision.
",NA,7482
"Brojobuli","https://hoichoi.tv/films/title/brojobuli","""Brojobuli"" revolves around an office clerk, Brajaraj, who loves to boast about his heroic activities at office, and then falls in his own trap when he challenges to match against a wrestler.","1979",6614
"Bye Bye Bangkok","https://hoichoi.tv/films/title/bye-bye-bangkok","""Bye Bye Bangkok"" is a hillarious ride of four couples who land up in Bangkok, get twindled in a game of hide and seek and secret affairs.","2011",6174
"Chaamp","https://hoichoi.tv/movies/chaamp-2017","Shibaji, a star-boxer, faces a grave injury that ruins his boxing career. But will he be able to get his strengths together again and fight in the ultimate game of life?","2017",9121
"Chaitali","https://hoichoi.tv/films/title/chaitali","Amitabha, a teacher and Lajwanti, his student who is learning Bengali from him fall in love with each other. However, things take a drastic turn when Kumar, a smuggler kidnaps Lajwanti and puts the blame on Amitabha. ","2011",8183
"Challenge","https://hoichoi.tv/films/title/challenge","A Bengali romantic film about a young man determined to win the woman he loves and challenges her protective father. Watch the Dev hit online on hoichoi.
",NA,9060
"Challenge 2","https://hoichoi.tv/films/title/challenge-2","A Bengali action movie about a man’s fight for justice for his father's death. Will he succeed in his mission? Watch the Bengali hit starring Dev, only on hoichoi
","2012",9698
"Champion","https://hoichoi.tv/films/title/champion","Champion revolves around Raja, a laid-back young man, who fights and struggles for his injured brother by winning in a kick-boxing match in his stead.",NA,12060
"Char Adhyay","https://hoichoi.tv/films/title/char-adhyay","""Based on the novel by Tagore, the film revolves around Atindra and Ela, part of the Indian freedom struggle, are deeply in love with each other. Their group leader, Indranath, however, opposes their alliance and plans to separate them.
""","2018",7864
"Charachar","https://hoichoi.tv/films/title/charachar","""Charachar"" tells the story of a man Lakha, who hails from a family of bird catchers. However, when he starts questioning the purpose and value of his profession, his life starts getting complicated.","1991",4669
"Charmurti","https://hoichoi.tv/films/title/charmurti","Based on the novel by Narayan Gangopadhyay, ""Charmurti"" revolves around Tenida and his friends investigating the mystery of a haunted house. A laugh riot like no other! ","1977",7124
"Chaya Surya","https://hoichoi.tv/films/title/chaya-surya","Ghetu, a young woman with a dark complexion, is always compared to her beautiful sister. However, life turns worse for her after her lover dies and she has to face the wrath of the society.","2011",7463
"Chiriakhana","https://hoichoi.tv/films/title/chiriakhana","Based on the story by Saradindu Bandopadhyay, ""Chiriakhana"" explores the investigation of Detective Byomkesh Bakshi, when Dr Nishanth is murdered, he decides to probe into the case with the help of his close aide, Ajit.","1955",7302
"Chirodini Tumi Je Amar","https://hoichoi.tv/films/title/chirodini-tumi-je-amar","Pallavi, a rich, spoilt girl, falls in love with Krishna, a scooter mechanic, and gets married without her parents' approval. The situation takes an ugly turn when her family tries to separate them.","2015",9300
"Chirodini Tumi Je Amar - 2","https://hoichoi.tv/films/title/chirodini-tumi-je-amar-2","An agonizing tale of love and desire, focusing on the difference of power, social values and respect for others among the different classes of the society.","2015",8514
"Chitrangada - The Crowning Wish","https://hoichoi.tv/films/title/chitrangada-the-crowning-wish","When Rudra and Partho decide to adopt a child, law does not allow them. Rudra decides to undergo sex-change surgery so that the duo is considered as a couple.","2012",7570
"Chokher Bali","https://hoichoi.tv/films/title/chokher-bali","A Rituparno Ghosh gem based Tagore's work that deals with love and betrayal, and mirrors a distressed woman's emotions. Watch the award-winning movie on hoichoi.

","2003",12180
"Chopper","https://hoichoi.tv/films/title/chopper","Chopper, a political drama is about the love of Rajat and Rina, blossoming amidst the struggle of the working class. ","1985",6540
"Chorus","https://hoichoi.tv/films/title/chorus","""Chorus"" explores the story of an organisation that offers 100 vacant positions and promises jobs to many people. What happens when the number of applicants is more than the jobs? ","1974",6726
"Chotoder Chobi","https://hoichoi.tv/films/title/chotoder-chobi","Khoka fights for his friend Shibu, a trapeze artist who is not provided adequate compensation after he meets with an accident. Things get complicated when Khoka falls for Shibu's daughter.","2014",6526
"Chotushkone","https://hoichoi.tv/films/title/chotushkone","Four directors come together to make a film with four different stories, with only one connection : Death. Watch the national award winning suspense thriller ""Chotushkone"".","2015",6871
"Chowringhee","https://hoichoi.tv/films/title/chowringhee","""Chowringhee"" revolves around Shankar, an author working at one of the most reputed hotels of Kolkata, meets an array of people who go through various tragedies.","1965",9553
"Chupi Chupi Ashey","https://hoichoi.tv/films/title/chupi-chupi-ashey","Based on Agatha Christie's short story Three Blind Mice, "" Chupi Chupi Ashey"" is about a group of people who get stuck in a guest house with a serial killer, where a detective comes to their rescue.","1958",8776
"Cinemawala","https://hoichoi.tv/films/title/cinemawala","With the advanced technology changing the way movies are distributed to the public, Kamalini, a small town movie theatre is threatened into becoming obsolete.","2012",6300
"Clerk","https://hoichoi.tv/films/title/clerk","""Clerk""- explores the complexities of human mind, telling the story of a shy man who changes his personality at night. ","2012",5040
"Cockpit","https://hoichoi.tv/movies/cockpit-2017","Inspired by true events, Cockpit narrates the story of a braveheart pilot who leads his flight from Mumbai to Kolkata through a turbulent storm.
","2017",7902
"Dadu No.1","https://hoichoi.tv/films/title/dadu-no1","A rich businessman, Bhawani Chatterjee, offers a job to Mamta, a widow, at his office. Later, he requests her to marry one of his grandsons.","1985",8460
"Darpa Churna","https://hoichoi.tv/films/title/darpa-churna","A Bengali film based on Saratchandra Chattopadhyay’s novel, narrating the story of the writer’s life during his youth. Watch the movie online on hoichoi. 
","1985",8100
"Deep Jele Jaai","https://hoichoi.tv/films/title/deep-jele-jaai","Radha, a nurse working in a psychiatric hospital pretends to be in love with Tapas as a part of the treatment and eventually falls in love with him. However, after his recovery Tapas fails to recognise Radha.","1959",7247
"Deepar Prem","https://hoichoi.tv/films/title/deepar-prem","Set in the yesteryear, Deepar Prem explore the times when things were simpler, this film highlights the pangs and sweetness of new love.","1982",5349
"Dekh Kemon Lage","https://hoichoi.tv/films/title/dekh-kemon-lage","Rahul constantly lands in trouble and his best friend Gunja helps him out. But when Rahul's father forces him to get married, Gunja refuses to come to his aid.","2017",8308
"Dekha","https://hoichoi.tv/films/title/dekha","""Dekha"" revolves around an ageing poet affected with glaucoma and near blindness whose wife has deserted him because of his reckless lifestyle.","2015",7372
"Devipaksha","https://hoichoi.tv/films/title/devipaksha","Haimanti, a lady from a pious family who is molested by a local goon, has to face troubles to establish a new life for herself away from her family.","2014",6428
"Deya Neya","https://hoichoi.tv/films/title/deya-neya","Prasanta, the son of a rich businessman, aspires to become a famous singer. However, when he leaves for Kolkata to fulfil his dreams, he falls in love with Sucharita.","1962",6399
"Dhanni Meye","https://hoichoi.tv/films/title/dhanni-meye","""Dhanni Meye"" a classic romantic comedy that revolves around football narrating a young couple’s story of getting married because of a village tournament. ","1969",7932
"Dhanraj Tamang","https://hoichoi.tv/films/title/dhanraj-tamang","""Dhanraj Tamang"" is about a tea-estate labourer who fails to save his wife from abuse from his boss. However, he decides to exact revenge after he is jailed on false allegations.","1977",6524
"Dolan Chanpa","https://hoichoi.tv/films/title/dolon-chanpa","""Dolan Chanpa"" explores the love story of Charan and Chanpa who get married, not knowing what fate has in store for them.","1985",8553
"Dui Prithibi (1980)","https://hoichoi.tv/films/title/dui-prithibi-1980","The tale of three siblings, ""Dui Prithibi"" revolves around Mrinal's doubts about his brother’s activities when he suddenly becomes a rich businessman. ","1975",8406
"Dui Prithibi (2010)","https://hoichoi.tv/films/title/dui-prithibi","A rich man falls in love with an idealistic medical student. However, when circumstances force them apart, he learns the true meaning and value of love.","2012",10080
"Dui Purush","https://hoichoi.tv/films/title/dui-purush","""Dui Purush"", revolves around Nutubihari Mukherjee, a freedom fighter who makes many sacrifices and goes to jail and continues to do good even after his release. However, he turns into a corrupt politician when he gets powerful.","1977",7451
"Durgeshgorer Guptodhon","https://hoichoi.tv/films/title/durgeshgorer-guptodhon","Sona Da, along with Abir and Jhinuk, visits his student's ancestral mansion in Durgeshgor. Once there, the trio comes across a vital clue that could lead them to one of the greatest treasures.","2018",7822
"East Bengaler Chhele","https://hoichoi.tv/films/title/east-bengaler-chhele","One of the finest tributes to the game which celebrates football and the glorious days of East Bengal club, the film revolves around a promising footballer supported by his brother","1985",7800
"Ei Mon Tomai Diyechi","https://hoichoi.tv/films/title/ei-mon-tomai-diyechi","Ei Mon Tomai Diyechi is about the love story of Billu, a simpleton, and Swati, the sister of a gangster. Will they unite? ","1985",8643
"Ek Je Chhilo Desh","https://hoichoi.tv/films/title/ek-je-chhilo-desh","""Ek Je Chhilo Desh"" revolves around a scientist who accidentally finds a drug that can reveal an individual's past. However, when a few politicians fear their exposure, they plot to kill him.","1957",6585
"Ek Jhank Ichhe Dana","https://hoichoi.tv/films/title/ek-jhank-ichhe-dana","""Ek Jhanak Icche Dana"" that narrates about the crises and problems of students, as the young adults learn to deal with life. ","2012",6370
"Ek Nodir Galpo","https://hoichoi.tv/films/title/ek-nodir-galpo"," Ek Nodir Golpo narrates the moving experience of a father who makes it his mission to name a river after his dead daughter.","2014",7471
"Ek Poshla Bristi","https://hoichoi.tv/films/title/ek-poshla-bristi","""Ek Poshla Brishti"" revolves around Rahul, a simple man,moves to Mumbai and struggles to fulfil his parent’s dreams and build a happy life. ","1989",7439
"Ekanta Apan","https://hoichoi.tv/films/title/ekanta-apan","""Ekanta Apon"" is a romantic film about the love that blossoms between a student and a local goon. Will fate separate the two? ","1985",8700
"Ekdin Pratidin","https://hoichoi.tv/films/title/ekdin-pratidin","A Bengali film about the beauty of the father-daughter relationship. Can a pained man rename a river after his daughter? Watch the film online on hoichoi.
","2014",5214
"Family Album","https://hoichoi.tv/films/title/family-album","What happens when the dark secrets of a seemingly perfect family of four get revealed ? Watch ""Family Album"" -  a hilarious, sad and eccentric concoction of the truth.","2015",6653
"Fande Poriya Boga Kande Re","https://hoichoi.tv/films/title/fande-poriya-boga-kande-re","A beautiful woman, Mishti, falls in love with Raju, a simple man. However, he faces a predicament when he learns that his father was killed by her uncle and their families share mutual animosity.","2010",9851
"Fidaa","https://hoichoi.tv/films/title/fidaa","Two people who are poles apart, struggle against misunderstandings in their war of ego. Watch ""Fidaa"" - the story of the modern day youth's perception about love.","2017",8789
"Fight 1:1","https://hoichoi.tv/films/title/fight-1-1","The Rohit Group' and 'the Julius Group' compete against each other in all aspects of college life. The only obstruction to their growing enmity is their extremely disciplined college dean.","2011",9264
"Galpa Holeo Satyi (1966)","https://hoichoi.tv/films/title/galpa-holeo-satyi-1966","""Galpa Holeo Satyi "", one of the legendary Tapan Sinha's finest, revolves around Dhanonjoy, a man-servant who joins a dysfunctional family and gets attached to the members, trying to solve their problems and reunite them.","1957",6207
"Ganadevata","https://hoichoi.tv/films/title/ganadevata","A village in Bengal reels under the shock of witnessing a community feeling turn quickly into a mob mentality and the effects it has on the people.","1979",9426
"Gangster","https://hoichoi.tv/films/title/gangster","Star-crossed lovers Guru and Ruhi dream of living a simple life together. However, when Guru's past as a gangster begins to haunt them, their blissful life together starts shattering.","2013",8399
"Generation Aami","https://hoichoi.tv/films/title/generation-aami","""Generation Ami"" revolves around teen cousins Apu and Durga, help each other with their struggles to cope with growing up.","2018",7156
"Ghatkali","https://hoichoi.tv/films/title/ghatkali","""Ghatkali"" revolves around a man Niladri, uninterested in marriage, meets a woman Subhra and instantly hates her. How does fate unite them? ","1979",7079
"Go For Goals","https://hoichoi.tv/films/title/go-for-goals","Five young boys dream of making it big in the world of football. However, they must overcome the challenges in their path to fulfil their ambitions.","1985",6101
"Gogoler Kirti","https://hoichoi.tv/films/title/gogoler-kirti","The famous child detective Gogol, on arriving at a friend's place for Durga Puja, Gogol finds a statuette is missing. Gogol and Ashok, a photographer, team up and embark on a mission to resolve the mystery.","1971",7179
"Golemale Pirit Koro Na","https://hoichoi.tv/films/title/golemale-pirit-koro-na","Gouranga and Gobindo try to woo Banya and Rai, two beautiful women, by changing their names to Prem after they discover that they love that name.","2017",7469
"Goopy Bagha Phire Elo","https://hoichoi.tv/films/title/goopy-bagha-phire-elo","""Goopy Bagha Phire Elo"", the third film of the Goopy-Bagha trilogy as Goopy and Bagha go to the evil Brahmananda who promises to make them young, if they procure three precious stones. ","1955",6871
"Goraay Gondogol","https://hoichoi.tv/films/title/goraay-gondogol","""Goray Gondogol"" revolves around Rik and Paula, who love each other. But, trouble arises when Paula’s father wants to meet Rik’s family. ","2019",9284
"Gotro","https://hoichoi.tv/movies/gotro-2019","""Gotro"" explores the relationship beyond religious barriers, between an elderly woman and a former convict who arrives as a servant.",NA,8283
"Goyenda Junior","https://hoichoi.tv/films/title/goyenda-junior","Bikram, a teenage detective with keen obsevation skills helps Senior Police Officer Sanjay to investigate the perfect crime. Watch the bumpy and entertaining thriller ""Goyenda Junior"".","2019",7042
"Goynar Baksho","https://hoichoi.tv/films/title/goynar-baksho","An  adaptation of Shirshendu Mukhopadhyay's novel, Goynar Baksho revolves around a matriarch of a Bengali Hindu family who becomes so obsessed with her secret jewellery box that she rises from her grave to make sure that her niece-in-law protects it from the other relatives.","2017",8493
"Guru Dakshina","https://hoichoi.tv/films/title/guru-dakshina","A film noted for Bappi Lahiri’s music, about a singer finding success in the city. But, will love change his life? Watch the Bengali hit online on hoichoi.
","1985",8793
"Haami","https://hoichoi.tv/films/title/haami","""Haami"" revolves around two kids, Bhutu and Chini. When Bhutu kisses Chini, their innocent friendship leads to a major scandal. Who is to be blamed when our society lets down the little ones?","2011",7955
"Half Serious","https://hoichoi.tv/films/title/half-serious","""Half Serious"" is a satirical take on the mocking situations like inequality and violence on women, through the story of a female filmmaker. ","2015",7309
"Hangsharaj","https://hoichoi.tv/films/title/hangsharaj","A Bengali film about a young Baul singer from a village who wants to sing on the radio. Will his dreams come true? Watch the film online on hoichoi. 
","1973",6982
"Har Mana Har","https://hoichoi.tv/films/title/har-mana-har","Nira falls in love with Binu, an artist, but their relationship suffers a heavy blow when Protima gets jealous of their bond and plots to separate them.","1971",7740
"Haripada Bandwala","https://hoichoi.tv/films/title/haripada-bandwala","A powerful man kidnaps Haripada, a common man, and forces him to pretend to be his girlfriend's lover so that he can mislead his suspicious and jealous wife.","2011",8412
"Hello Kolkata","https://hoichoi.tv/films/title/hello-kolkata","""Hello Kolkata"" revolves around four couples dealing with different troubles and emotions in life, as their lives dissect with each other. ","2008",5158
"Hemanta","https://hoichoi.tv/films/title/hemanta","Based on Shakespeare's Hamlet, the film revolves around Hemanta, a fim making student who returns to India from U.S.A, after his father commits suicide, only to face the dark realities of life.","2015",8832
"Hemlock Society","https://hoichoi.tv/films/title/hemlock-society","Ananda, the founder of Hemlock Society, a school that teaches aspirants how to successfully commit suicide, develops feelings for Meghna, an aspirant, which changes both of their lives.","2015",8400
"Hercules","https://hoichoi.tv/films/title/hercules","Hercules is the story of a common man. His actual name is Harakailash, his timid nature and compromising attitude has prompted the local people to call him Hercules in jest.","2008",6690
"Hirak Rajar Deshe","https://hoichoi.tv/films/title/hirak-rajar-deshe","Satyajit Ray’s classic, the second Goopy and Bagha film, explores the story of when Goopy and Bagha learn about Hirak Raja's tyranny, they try to set him right with the help of Udayan, a schoolteacher, and their magical powers.","1955",6871
"Hoichoi Unlimited","https://hoichoi.tv/movies/hoichoi-unlimited-2018","Four friends plan a ""men only"" trip to Uzbekistan. But can they ever flee from the close watch of their wives? Watch the full movie on Hoichoi.
",NA,8079
"I Love You","https://hoichoi.tv/films/title/i-love-you","Puja falls in love with Rahul, a rich boy, but his family insults her rustic upbringing. In order to win her back, Rahul starts working for Puja's brother, Indra.","2011",11040
"Indrani","https://hoichoi.tv/films/title/indrani","The film revolves around Indrani who marries Sudarshan, an unemployed man for love. Will their differences push them apart? ","1957",7294
"Interview","https://hoichoi.tv/films/title/interview","A simple yet unique Mrinal Sen film, ""Interview"" is about a man who wants a Western suit for an interview but returns to his roots by choosing ethnic wear.","1974",4810
"Iti Mrinalini","https://hoichoi.tv/films/title/iti-mrinilini","An Aparna Sen movie about an ageing actress who starts to relive her youth before writing her suicide note. Watch the Bengali film starring Konkona Sen Sharma on hoichoi.
","2014",8220
"Iti Srikanto","https://hoichoi.tv/films/title/iti-srikanto","Inspired by the novel Srikanta, ""Iti Srikanto"" is the story of a man torn between two women: a courtesan and a Vaishnavite.","2018",7286
"Jackpot","https://hoichoi.tv/films/title/jackpot","Arka and Dodo participate in a reality show to win the INR one crore prize money. However, the tasks they have to go through are not as easy as they expected them to be.","2015",8580
"Jalsaghar","https://hoichoi.tv/films/title/jalsaghar","Biswambhar Roy, fond of music, spends his life in pursuit of prestige. However, when his self-made neighbour organises musical fests, he starts facing economic crisis.","1955",5417
"Jamai 420","https://hoichoi.tv/films/title/jamai-420","Shaan, Bijoy and Joy go to Bangkok in the midst of an ongoing wedding and do some crazy things to attract their lady-loves' attention and that lands them in trouble.","2015",8154
"Jamai No. 1","https://hoichoi.tv/films/title/jamai-no-1","Jamai No. 1, is the story of a businessman whose two sons-in-law depend on him. What happens when his third daughter marries a thief? ","1985",9617
"Jamalaye Jibanta Manush","https://hoichoi.tv/films/title/jamalaye-jibanta-manush","After Sidhu's lover kills herself, he is mistakenly sent to hell while he is still alive. However, he receives a second chance and makes many changes in hell.","1957",7628
"Janala","https://hoichoi.tv/films/title/janala","""Janala"" explores love and nostalgia as a man tries to repair a window in is old school, using his fiancee’s money.","2015",6303
"Jatugriha","https://hoichoi.tv/films/title/jatugriha","A Tapan Sinha classic, ""Jatugriha"" about a once married couple, meeting each other by chance and taking a walk down memory lane.","2008",6614
"Jhinder Bondi","https://hoichoi.tv/films/title/jhinder-bondi","Based on The Prisoner of Zenda, ""Jhinder Bondi"" is the classic tale of the king of Jhind being replaced by a look-alike after the king’s evil brother makes him disappear.","1957",6228
"Jodi Love Dile Na Prane","https://hoichoi.tv/films/title/jodi-love-dile-na-prane","It's been long since Paromita parted ways with her lover, but do her emotions still resonate with his feelings?
","2015",6928
"Josh","https://hoichoi.tv/films/title/josh","Indra attempts to rescue Anuradha, his best friend's sister, when she gets involved in an ongoing family feud and things take a turn for the worse.","2013",9010
"Jukti Takko Aar Gappo","https://hoichoi.tv/films/title/jukti-takko-aar-gappo","A Ritwik Ghatak film about an alcoholic man, forced to leave the house, who meets some strange people in the villages. Watch the film online on hoichoi.
","1977",6825
"Kabir","https://hoichoi.tv/movies/kabir-2018","Yasmin meets a charming photographer, Kabir, while traveling on a train. But Yasmin and Kabir are star-crossed in the battle between terrorism and love.
","2018",6498
"Kabuliwala","https://hoichoi.tv/films/title/kabuliwala","Based on Tagore’s short story, ""Kabuliwaala is a classic tale about the friendship of a little girl and a dry fruit seller from Kabul. ","1957",6399
"Kalankini Kankabati","https://hoichoi.tv/films/title/kalankini-kankabati","""Despite being married, king Rajshekhar Ray falls in love with dancer Aparna, who loves Raghubir. Will the lovers unite?""","1980",6797
"Kalpurush","https://hoichoi.tv/films/title/kalpurush","Kalpurush, revolves around a son who tries to reconnect with his father, who was left by his mother for being unfaithful.","2015",7320
"Kanch Kata Hirey","https://hoichoi.tv/films/title/kanch-kata-hirey","When Subrata learns that his father is involved in a political scandal, he investigates the case and tries to bring his own father to justice.","2013",7131
"Karunamoyee","https://hoichoi.tv/films/title/karunamoyee","""Karunamoyee"" explores the struggle of a mother with a physically challenged baby. Will her faith give her peace? ","1985",8629
"Katmundu","https://hoichoi.tv/films/title/katmundu","Three friends, tired of their worklife, travel to Nepal, only to have their trip ruined by two women! Watch ""Katmundu"", an adventurous pot-boiling comedy.","2008",7567
"Kelor Kirti","https://hoichoi.tv/films/title/kelor-kirti","Three young couples are caught in a web of misunderstanding when a charming woman walks into their lives. Thereafter, they keep facing hilarious situations and fall into trouble.","2012",9216
"Khaad","https://hoichoi.tv/films/title/khaad","A group of people meet with a terrible accident while venturing on a journey, but they miraculously survive. Deserted, these travellers end up playing a game and revealing their darkest secrets.",NA,4735
"Kharij","https://hoichoi.tv/films/title/kharij","Based on a novel by Ramapada Choudhury, directed by Mrinal Sen ""Kharij"" tells the tale of a young servant boy who is found dead due to medical negligence by his employers.","1974",5437
"Khudito Pashan","https://hoichoi.tv/films/title/khudito-pashan","A Bengali film adapted from Tagore’s short story about a man who starts living in a haunted palace in a village. Watch the Soumitra Chatterjee film on hoichoi.
","1957",5997
"Ki Kore Toke Bolbo","https://hoichoi.tv/films/title/ki-kore-toke-bolbo","Anjali, wants to divorce her husband Akash, but is forced to live with him for six months first. Will she long to be with the one she loves, or will she learn to love the one she's with?","2003",8976
"Kolkata 71","https://hoichoi.tv/films/title/kolkata-71","A collection of four stories based on the seventies, Calcutta 71 by Mrinal Sen depicts the social, economic, and political scenario of that time in Bengal.","1974",6995
"Komal Gandhar","https://hoichoi.tv/films/title/komal-gandhar","Ritwik Ghatak’s masterpiece, with a stellar cast, ""Komal Gandhar"" etches upon the struggle of art and artistes in the changing society.","1977",7455
"Konttho","https://hoichoi.tv/movies/konttho-2019","A Shiboprosad-Nandita film, explores a radio jockey whose life changes when he loses his voice to cancer. How will he fight back ? Watch the inspiring tale ""Kontho"".","2018",8427
"Kony","https://hoichoi.tv/films/title/kony","""Kony"" is an inspiring sports movie about a swimmer beating poverty and social obstacles, with the help of her coach. Do they win?","1985",7217
"Kranti","https://hoichoi.tv/films/title/kranti","Jeet and his family come to a city that is ruled by the dreaded gangster, Vishnu. In college, Vishnu's brother, Deva, and Jeet get into many scuffles, which leads to disastrous consequences for Jeet.","2011",9780
"Krishna","https://hoichoi.tv/films/title/krishna","Krishna is the story of an honest police officer trying to find his brother’s killers. Will he succeed? ","2011",7850
"Kuheli","https://hoichoi.tv/films/title/kuheli","Shankar hires Sheba to look after his daughter, Ranu after her mother's death. However, things take a turn when Sheba discovers the presence of a supernatural force in the house.","1971",7681
"Laal Kuthi","https://hoichoi.tv/films/title/laal-kuthi","""Laal Kuthi"" revolves around a family blackmailed about an accidental murder committed by a member. What happens next? ","1977",7407
"Laboratory","https://hoichoi.tv/films/title/laboratory","A hoichoi movie based on Tagore’s story about a woman trying to save her husband’s lab and find her daughter a partner. Watch the Anirban Bhattacharya-starrer on hoichoi.
","2015",5727
"Lal Pathar","https://hoichoi.tv/films/title/lal-pathar","""Lal Pathar"" revolves around Kumar who saves Sunita and brings her home. What happens when he falls for her melodious voice? ","2018",7879
"Le Halua Le","https://hoichoi.tv/films/title/le-halua-le","As Sonali moves to the city to earn money and repay her debts, she fakes a marriage with Suvojeet, a struggling artist, in order to get low-priced accommodation.","2015",8820
"Love Aaj Kal Porshu","https://hoichoi.tv/movies/love-aaj-kal-porshu-2020","Love that remains the same - through time… A tale of two people who find each other - across ages, beyond faces. A romance that gives you a whiff of fresh air ""Love Aaj Kal Porshu""","2003",6162
"Maati","https://hoichoi.tv/films/title/maati","When Megha learns about her grandmother's murder, she travels to Bangladesh to face the family who now occupy her ancestral home. ","2018",7290
"Maati O Manush","https://hoichoi.tv/films/title/maati-o-manush","Maati O Manush is the tale of a woman who is a victim of superstitions of villagers who believe that she is a witch and begin to torture her.","2018",6087
"Mahanagar @ Kolkata","https://hoichoi.tv/films/title/mahanagar-kolkata","Set in contemporary Kolkata, ""Mahanagar @ Kolkata"" is the story about people and their lives getting caught in the conflict between global change and old world bigotry. ","2014",5918
"Mahapith Tarapith","https://hoichoi.tv/films/title/mahapith-tarapith","""Mahapith Tarapith"" explores Sameer's unbelievable experiences about Tara Ma as he describes to Ajay, after they meet on a trip. ","1989",6983
"Mama Square","https://hoichoi.tv/films/title/mama-square","Tia loves Sourav, but her relatives who brought her up, are not happy with their relationship. How will they get along?","1985",7500
"Mangal Deep","https://hoichoi.tv/films/title/mangal-deep","A Bengali film about the different lives of two brothers who get separated in their childhood. Will they reunite? Watch the film online on hoichoi.
","1989",8826
"Manush Manusher Janya","https://hoichoi.tv/films/title/manush-manusher-janya","Manush Manusher Janya, is about the struggles of people from different levels of society. Can humanity make the struggle easier? ","1985",7920
"Marutirtha Hinglaj","https://hoichoi.tv/films/title/marutirtha-hinglaj","A Bengali devotional film about the long and difficult journey of devotees through the desert, in search of God. Watch the full movie online on hoichoi.
","1959",7120
"Mastan","https://hoichoi.tv/films/title/mastan","Raju, a poor boy whose mother dies of starvation. He is taken under the fold by the local smuggler Bhanupratap . He grows up to become an antisocial and an associate of the smuggler .","2012",10725
"Mauchaak","https://hoichoi.tv/films/title/mauchaak","A spectacular and classic comedy, ""Mauchaak"" is about a bachelor getting marriage proposals when he rents a house near his office. ","2015",7628
"Meghe Dhaka Tara","https://hoichoi.tv/films/title/meghe-dhaka-tara","Nilkantha, an artist, is admitted in a mental asylum but even while undergoing treatment, he manages to write a play.","2015",7085
"Meghe Dhaka Tara (1960)","https://hoichoi.tv/films/title/meghe-dhaka-tara-1960","Based on a social novel by Shaktipada Rajguru, the story revolves around Neeta, the beautiful daughter of a middle-class refugee from East Pakistan. Watch the masterpiece ""Meghe Dhaka Tara"" by the celluloid rebel - Ritwik Ghatak.","1955",7085
"Mem Saheb","https://hoichoi.tv/films/title/mem-saheb","""Mem Saheb"" is the tragic story of Kajal who falls in love with Amit and helps him to gain success. But, things take a different turn as destiny had other plans for the couple. ","1971",7330
"Memories In March","https://hoichoi.tv/films/title/memories-in-march","One of the finest films by Rituparno Ghosh, ""Memories in March"", the effective exploration of a situation wherein a bereaved mother comes to terms with her late son's sexual identity.","2014",6060
"Michael","https://hoichoi.tv/films/title/michael","With the help of his wife and landlord., Micheal an aspiring filmmaker, sets out to make a film with the yesteryear legend, Mayurbahan.  ","2015",8035
"Minister Fatakesto","https://hoichoi.tv/films/title/minister-fatakesto","When given a chance of becoming the Home Minister for a week, Fatakeshto puts order in a disheveled system. At the end of his term, he manages to solve his personal as well as professional feuds.","2010",8280
"MLA Fatakesto","https://hoichoi.tv/films/title/mla-fatakesto","When given a chance of becoming the Home Minister for a week, Fatakeshto puts order in a disheveled system. At the end of his term, he manages to solve his personal as well as professional feuds.",NA,8400
"Mon Chaye Tomay","https://hoichoi.tv/films/title/mon-chaye-tomay","Mon Chaye Tomay revolves around a couple in love, whose families are against their relationship. Will they be able to unite? ","1985",8100
"Mon Churi","https://hoichoi.tv/films/title/mon-churi","Mon Churi revolves around two men’s experiences of joining a school for thieves, and meeting an aspiring minister. ","2015",7346
"Mon Maney Na","https://hoichoi.tv/films/title/mon-maney-na","Shantanu and Shikha love each other, but have their respective family issues as obstacles. Can they overcome them all? Watch the full movie on Hoichoi.",NA,8049
"Mon Niye","https://hoichoi.tv/films/title/mon-niye","A Bengali film about two sisters one of whom marries an author. But, the author’s ill sister hates his new wife. Watch the Uttam-Supriya film on hoichoi.
","1969",8439
"Mrinaler Chithi","https://hoichoi.tv/films/title/mrinaler-chithi","Based on a short story by Tagore, Mrinal's life changes after she gets married. Now, a young bride, she decides to write letters about her experience of living with her in-laws.","1985",7008
"Nabangsha","https://hoichoi.tv/films/title/nabangsha","When Achinto returns to his village with his family, he finds the place has changed. Things take a turn when his secrets threaten to create havoc around him.","1985",8100
"Nagarik","https://hoichoi.tv/films/title/nagarik","""Nagarik"" revolves around the sole dream of Ramu and Uma to build a happy life together is burdened by a pile of obstacle on their way. Will they beat all obstacles?  ","1977",6748
"Nagarkirtan","https://hoichoi.tv/movies/nagarkirtan-2017","Puti and Madhu, meet each other in a ghetto of eunuchs, and soon their love blossoms. What will be their destiny ? Watch another masterpiece by Kaushik Ganguly - ""Nagarkirtan"".","2003",6812
"Natoker Moto : Like a Play","https://hoichoi.tv/films/title/natoker-moto","""Natoker Moto"" explores an investigation of the sudden demise of an extremely reputed actress' death that dwelves into an ongoing search behind the causes of ceaseless conflicts that a female artist has to confront","2018",7243
"Nawab","https://hoichoi.tv/films/title/nawab","The fim revolves around Nawab, a man of principles, who finds the courage to fight for what is right. Will he succeed?  ","1991",8325
"Nayan Shyama","https://hoichoi.tv/films/title/nayan-shyama","Shyama and her parents go to a village to find her missing brother. The events and the people she meets there change her perspective towards life.","1985",6960
"Nimantran","https://hoichoi.tv/films/title/nimantran","Hiru who loves Kumudini, but is rejected by her father. Years later, Hiru returns to win Kumudini back even though he is married to someone else.","2008",4936
"Nirbaak","https://hoichoi.tv/films/title/nirbaak","Nirbaak is a medley of four tales of silent love, involving one woman (Sushmita), three men (Anjan, Jishu and Ritwick), a tree and a dog.","2016",6362
"Nirbasito","https://hoichoi.tv/films/title/nirbasito","A Bengali film redefining freedom for women, through the story of a female writer banished from her motherland. Watch the film starring Churni Ganguly on hoichoi.
","2016",6433
"Nirdharita Shilpir Anupasthitite","https://hoichoi.tv/films/title/nirdharita-shilpir-anupasthiti","Nirdharita Shilpir Anupasthitite revolves around a father and daughter, who get separated and unite after a long time. However, things take a drastic turn when the daughter has problem adjusting with her father's rich background.","1985",8640
"Nirjan Saikate","https://hoichoi.tv/films/title/nirjan-saikate","""Nirjan Saikate"" is a classic movie about the social taboos that widows face, narrated through a writer’s interactions with Bengali widows. ","1957",7185
"Obhishopto Nighty","https://hoichoi.tv/films/title/obhishopto-nighty","""The story of the film revolves around a cursed nightie which changes hands in a logical manner, not magically. The original owner of the nightie had experienced unfulfilled love, which ultimately led to a curse on it.
""","2019",6742
"Ogo Badhu Sundari","https://hoichoi.tv/films/title/ogo-badhu-sundari","""Ogo Bodhu Sundori"", one of the finest comedy fims, revolves around a man trying to groom a girl who seeks shelter in his house and invites trouble in his marriage. ","2013",7777
"Ora Thakey Odharey","https://hoichoi.tv/films/title/ora-thakey-odharey","Based on a story by Premendra Mitra, Ora thake Odhare explores the long-standing feud between two families living in the same neighbourhood takes an unusual turn when the young ones fall in love with each other.","1953",5969
"Padma Nadir Majhi","https://hoichoi.tv/films/title/padma-nadir-majhi","A film about a Bengali Muslim boatman who wants to create a safe home for both Hinus and Muslims on a delta island. Watch the film online on hoichoi.
","1991",7890
"Palatak","https://hoichoi.tv/films/title/palatak","A Bengali film about an adventurous man who leaves for a trip alone. He leaves behind his wife has some news to share. Watch the film online on hoichoi.
","2018",8002
"Pather Panchali","https://hoichoi.tv/films/title/pather-panchali","Based on the story by Bibhutibhushan Bandopadhyay, ""Pather Panchali"" revolves around Apu and his sister Durga trying to make the most out of their poverty-stricken lives.","1955",7223
"Personal Assistant","https://hoichoi.tv/films/title/personal-assistant","Personal Assistant is a comedy that tells the story of an unemployed man trying to get a job in a company that only hires women. Will he succeed? ","1959",7243
"Poran Jaye Jolia Re","https://hoichoi.tv/films/title/poran-jaye-jolia-re","Anna lives in London and is in love with an English man. However, when her father pressurises her to get married to an Indian, she hatches a plan to get rid of him after her wedding.","2011",8400
"Pothey Holo Deri","https://hoichoi.tv/films/title/pothey-holo-deri","When a doctor falls in love with a wealthy heiress, she tries helping him with his higher studies but their union is opposed by her grandfather who plans to separate them.","1957",7559
"Power","https://hoichoi.tv/films/title/power","After being discouraged by his brother-in-law, a police officer, a dejected Jeetu steals his uniform and goes around pretending to be an officer of the law.",NA,9388
"Praktan","https://hoichoi.tv/films/title/praktan","Sudipa and Ujaan, two distinct people with different ideologies go their spearate ways. Years later, they meet each other on a train on their journey from Mumbai to Howrah.","2016",8554
"Pratidwandi","https://hoichoi.tv/movies/watch-pratidwandi-bengali-movie-online","When Dr. Bakshi' s son gets kidnapped, Siddharta and his team of private investigators look into the case. Is the kidnapping related to the series of recent murders in Kolkata? And how is maths teacher Sukumar Sen connected to all this?
",NA,6512
"Pratikar","https://hoichoi.tv/films/title/pratikar","""Pratikar"" revolves around Shankar, who decides to seek revenge when his sister Sandhya is raped and murdered by Ratan.","1985",8468
"Pratisodh","https://hoichoi.tv/films/title/pratisodh","Ranjan seeks revenge 16 years later from his uncle, Sanatan, as he was imprisoned on a false allegation, causing his father to go insane.","1980",7292
"Prem Amaar","https://hoichoi.tv/films/title/prem-amaar","Rabi, a good-for-nothing youngster, falls in love with his new neighbour, Riya. However, his life takes a turn for the worse when he learns that Riya is betrothed to another man.","2015",9000
"Prem Pujari","https://hoichoi.tv/films/title/prem-pujari","Surjo Kanto Chowdhury, a landlord with a passion for dancing, lives with his wife in Hridaypur. His bailiff Gadhadar hatches a conspiracy to usurp all of his property.","2002",8280
"Prem Tame","https://hoichoi.tv/movies/watch-prem-tame-anindya-chatterjee-bengali-movie-online","A unique love story between three small town friends. But things change as it is the same love that makes them closer and drift apart. What happens when a dog comes into their equation?
","2021",7690
"Premer Kahini","https://hoichoi.tv/films/title/premer-kahini","Akash falls in love with Barsha but loses contact with her due to unforeseeable circumstances. While attending a marriage ceremony, he is shocked to realise that the bride is none other than Barsha.",NA,9300
"Prithibi Amare Chay","https://hoichoi.tv/films/title/prithibi-amare-chay","""Prithibi Amay Chaye"" tells the love story of Tapash and RIna, who fight against all odds to live with each other happily and forever.","1957",9077
"Projapoti Biskut","https://hoichoi.tv/films/title/projapoti-biskut","""Projapoti Biskut"" revolves around Shaon who unlike her husband Antor, is an indepedent woman bound to live a supressed life. Will Antor be able to mend their relationship?","2017",6957
"Proloy","https://hoichoi.tv/films/title/proloy","""Proloy"" tells the tale  of a brave heart Barun Biswas, who raises voice against numerous gang rapes in a village called Dukhiya.","2014",7344
"Protarak","https://hoichoi.tv/films/title/protarak","""Protarok"" revolves around Kumar, son of a business tycoon, who goes to the city for a real estate project. But, someone is plans to murder him. ","2002",8747
"Protidwandi (2010)","https://hoichoi.tv/films/title/protidwandi-new","Protidwandi revolves around a village simpleton Debu who aspires to become an actor and is eventually successful. But can he fight the evils brought by his fame? ","2010",9203
"Raikamal","https://hoichoi.tv/films/title/raikamal","A Bengali film about a village girl devoted to her beloved, and finding love in various forms as she wanders around. Watch the classic film online on hoichoi.
","1953",6959
"Raja Gaja No Problem","https://hoichoi.tv/films/title/raja-gaja-no-problem","Cousins Raja and Gaja go to Kolkata to make a new start as they keep getting into trouble, but save Titli's life and welcome her into their home. Thereafter, they also help Titli's problematic family.","2011",7620
"Raja Rani Raji","https://hoichoi.tv/films/title/raja-rani-raji","""Raja Rani Raji"" revolves around a man who tries to prove his worth to the woman he loves, and her father. Will he succeed? ","2017",8427
"Raja Saheb","https://hoichoi.tv/films/title/raja-saheb","""Raja Saheb"" is about the ill-fated lives of three people, as they get banned from their village. How will they cope with their dreaded situation? ","2002",6594
"Rajkahini","https://hoichoi.tv/films/title/rajkahini","Begum Jaan, who runs a brothel in a village in Bengal bordering India and Pakistan, desperately strives to save her declining business amidst the changing political scenario during the Partition.",NA,9080
"Rajkumari","https://hoichoi.tv/films/title/rajkumari","A Bengali romance about a girl brought up in strict discipline, who finds joy and love in the music of a man. Watch the Tanuja-Uttam Kumar film online on hoichoi.
","1969",7515
"Rajlakshmi O Srikanta","https://hoichoi.tv/films/title/rajlakshmi-o-srikanta","Based on the novel Srikanta of Sarat Chandra Chattopadhyay, the story revolves around Srikanta whose paths are crossed with Pyaribai as he discovers that she is his childhood love, Rajlakshmi. ","1957",7956
"Refugee","https://hoichoi.tv/films/title/refugee","Estranged from his family, Shiva grows up to become a refugee and helps the needy. One day, he comes across his family only to learn that his jealous brother doesn't want him back.","2011",9180
"Rehmat Ali","https://hoichoi.tv/films/title/rehmat-ali","Rehmat Ali has one mission in life, to eradicate everything that is evil. However, he falls in love with a woman who dies tragically, leaving him a changed man.","2011",7920
"Romeo","https://hoichoi.tv/films/title/romeo","Escaping her father's domineering personality, a woman moves to Kolkata, where she meets a playful young man who turns out to have hidden depths.","2003",9300
"Room No 103","https://hoichoi.tv/films/title/room-no-103","A Bengali film narrating four different incidents in the lives of four people, all of which take place in a hotel room. Watch the full movie online on hoichoi.
","2014",6954
"Rosogolla","https://hoichoi.tv/films/title/rosogolla"," Based on the life of famous sweet-maker Nobin Chandra Das, the film explores his struggle in the tale of the making of Bengal’s favourite sweet, ""Rosogolla"".","2018",8117
"Roudra Chaya","https://hoichoi.tv/films/title/roudra-chaya","The lost son of an industrialist grows up in a church and turns into a unprincipled person. He later falls in love with a girl and tries to change his behaviour.","2002",6348
"Run","https://hoichoi.tv/films/title/run","Run revolves around Jit and Megha, who are madly in love, but they cannot get married until he he has a stable job. What will he do?","2002",9060
"Rupkotha Noy","https://hoichoi.tv/films/title/rupkotha-noy","Sisir, a 72 year old man, disassociated with his family, gets along with four strangers and finds solace in their company. Watch ""Rupkotha Noy"" one of Atanu Ghosh's best, with a stellar cast.","2018",6642
"Saat Pake Bandha (1963)","https://hoichoi.tv/films/title/saat-pake-bandha-1963","A young girl, Archana, falls in love with Sukhendu. Archana's father gladly accepts him but Sukhendu's income and nature come in way of this marriage.","2002",7670
"Sabar Oparey","https://hoichoi.tv/films/title/sabar-oparey","A Bengali film about a man trying to reopen the case of murder charges against his father. What secret does he find?
","1953",9014
"Sabyasachi","https://hoichoi.tv/films/title/sabyasachi","Sabyasachi, a talented visionary, along with Sumitra, forms a social reform unit and continues to inspire people to revolt against the British rule in the Indian freedom struggle. ","1973",8759
"Sagar Sangame","https://hoichoi.tv/films/title/sagar-sangame","The film ""Sagar Sangame"" explores the mother-daughter relationship, told through the journey of a duo to the holy Sagar Island. ","1959",6197
"Sagarika (1956)","https://hoichoi.tv/films/title/sagarika-1956","The film revolves around a brilliant medical student, Sagarika, who has no one. What happens when a doctor named Arun falls for her? ","1953",6943
"Saheb","https://hoichoi.tv/films/title/saheb","""Saheb"" explores the life of a  young footballer who is mostly ignored by everyone in the family . What happens when he gives up his career for his family? ","1980",7293
"Saheb Bibi Golam","https://hoichoi.tv/films/title/saheb-bibi-golam","Based on the novel by Bimal Mitra, ""Saheb Bibi Golam"" revolves around Bhutnath, a young man,  who finds himself drawn to the wife of the younger landlord after he gets a chance to live with them.","1955",8994
"Sankalpa","https://hoichoi.tv/films/title/sankalpa","Sankalpa revolves around an ailing father who is worried about his family, in case of his death. Will he be able to secure their future?","2002",7760
"Sanyasi Raja","https://hoichoi.tv/films/title/sanyasi-raja","Loosely based on the Bhawal case, ""Sanyasi Raja"", tells the tale of a monk claiming to be the prince Surya Sekhar who’s believed to be dead. ","1975",8382
"Saptami","https://hoichoi.tv/films/title/saptami","Saptami tells the story of Soumo leaving his wife Saptami in his friend's care, for his education. But what shock awaits him?","2002",8880
"Sare Chuattar","https://hoichoi.tv/films/title/sare-chuattar","The male boarders of Rajani Babu's Annapurna Boarding House in Kolkata lead a peaceful life until Romola, a young and beautiful woman, and her family move in as new residents.","1953",5875
"Sasur Bari Zindabad","https://hoichoi.tv/films/title/sasur-bari-zindabad","Rupa, a girl from a wealthy family, faces many hardships to save herself from an arranged marriage, which her parents try to force upon her. While visiting her uncle, she meets the love of her life.","2017",9060
"Sathi","https://hoichoi.tv/films/title/sathi","Bijoy is an aspiring singer who hails from a village in Burdwan district. When he returns home from Kolkata, he is shocked to learn about the death of his mentor.","2015",9000
"Sathya Mithya","https://hoichoi.tv/films/title/sathya-mithya","""Satya Mithya"" revolves around a housewife who's happy in her life, unaware of her husband's affair. ","1991",10200
"Sedin Dekha Hoyechilo","https://hoichoi.tv/films/title/sedin-dekha-hoyechilo","Kavita's father holds his daughter's lover's friends captive and asks them to reveal the couple's whereabouts. However, one of the boys, Abir, falls in love with his other daughter, Nandini.","2010",9180
"Sei To Abar Kache Ele","https://hoichoi.tv/films/title/sei-to-abar-kache-ele","Animesh, who falls in love with Ishita, goes through several setbacks and turmoil, in their relationship, which they try to desperately overcome.","2002",8880
"Shapath","https://hoichoi.tv/films/title/shapath","""Shapath"" is about a police officer and his family whose lives are at stake as he fights for justice for a woman who is raped by a politician’s son. ",NA,7741
"Shashi Babur Sansar","https://hoichoi.tv/films/title/shashi-babur-sansar","Sashibhushan who is the orthodox patriarch has a tough time dealing with the youngsters who want to live life on their own.","2002",7805
"Shatru Dhangso","https://hoichoi.tv/films/title/shatru-dhangso","The film revolves around a forest ranger who speaks up against smuggling. But will the corrupt system stop him? ","2002",9000
"Shesh Bichar","https://hoichoi.tv/films/title/shesh-bichar","""Shesh Bichar"" revolves around Rajiv and Subhra, who get married. But things take an unexpected turn when Subhra’s former lover Raja returns. ","2002",7743
"Shesh Porjonto","https://hoichoi.tv/films/title/shesh-porjonto","A young man falls in love with his new neighbour, who resides with her uncle and suspicious aunt. However, the man faces trouble wooing her due to her aunt.","2002",7100
"Shet Patharer Thala","https://hoichoi.tv/films/title/shet-patharer-thala","Based on Bani Basu’s novel, ""Sheth Pathorer Thala"" is about a widow Bandana, who falls in love with her son's mentor . Will society accept it when she falls in love?","1991",8574
"Shob Bhooturey","https://hoichoi.tv/films/title/shob-bhooturey","Aniket, along with his assistant Nandini travels to a village haunted by the spirits of children. Will Aniket be able to free the village from the curse of the ghosts ?","2019",6811
"Shriman Prithviraj","https://hoichoi.tv/films/title/shriman-prithviraj","Shriman Prithviraj is the story of Rasik, a mischievous boy, creates trouble at school and gets suspended, his father decides to get him married.","1958",6467
"Shudhu Tomari Jonyo","https://hoichoi.tv/films/title/shudhu-tomari-jonyo","After his girlfriend's death, Adi is devastated while Nayantara is left in shock after her boyfriend leaves her. Adi and Nayantara get married to each other but find it difficult to forget their past.","2015",8940
"Sita","https://hoichoi.tv/films/title/sita","""Sita"" is a mythological film based on the epic, Ramayana, focusing on the tragic life of Lord Rama’s wife, Sita Devi. ","2002",8103
"Sri Sri Tarakeshwar","https://hoichoi.tv/films/title/sri-sri-tarakeshwar","A film exploring the deep dedication of devotees towards Lord Shiva. Will the Lord help them during their crises? ","1957",6035
"Subha Bibaha","https://hoichoi.tv/films/title/subha-bibaha","""Subha Bibaha"" is about a wedding that gets cancelled when the bride runs away with her lover. What happens next?","1959",6079
"Superstar A love story","https://hoichoi.tv/films/title/superstar-love-story","""Superstar- a love story"" revolves around a junior artist who falls in love with a superstar. Will he get the girl of his dreams? ","2002",6960
"Swabhoomi","https://hoichoi.tv/films/title/swabhoomi","A Bengali film about four youngsters and a couple fighting against the anti-social elements harming innocent villagers. Watch the full movie online on hoichoi.
","2008",7056
"Swapnerdin","https://hoichoi.tv/films/title/swapnerdin","The film ""Swapner Din"" revolves around a man who wants to educate the people in the villages of Bengal. Will he succeed? ","2014",5520
"Swarna Sikhar Prangane","https://hoichoi.tv/films/title/swarna-sikhar-prangane","A trip to Darjeeling became a lifetime memory for few people, who found the answers they had been seeking for long.","1982",6969
"Swartho","https://hoichoi.tv/films/title/swartho","A farmer who leaves everything to settle with his nephews, not knowing that they want his money. What happens when he confronts his nephews ?","2002",8254
"Sweater","https://hoichoi.tv/films/title/sweater","Tuku, a simple girl recieves a task from her would be mother in law to knit a sweater in order to marry her son. Will Tuku succeed ? Watch the tale of a woman's journey of finding her self - ""Sweater"".","2018",6889
"Take One","https://hoichoi.tv/films/title/take-one","An Indian Actress Doel Mitra, shoots to overnight infamity igniting the wrath of conservative indian society when a bold sex-scene from one of her foreign films is leaked on the internet","2008",5859
"Tangra Blues","https://hoichoi.tv/movies/watch-tangra-blues-bengali-movie-online","After gaining country-wide fame with his band’s offbeat music, Sanjib, an erstwhile gang member, watches helplessly as his band sinks into oblivion. He forms a new band with a group of young slum kids from Tangra. Joyee, a musician from Mumbai, becomes fascinated with the band’s performance and starts getting involved in the unique lives of the band’s members. Will Joyee be able to breathe fresh air into Sanjib’s life and turn things around for the band? Watch Tangra Blues Bengali full movie, only on hoichoi.",NA,7236
"Tara","https://hoichoi.tv/films/title/tara","The fim revolves around Madhuja who decides to get justice for her father, when he is tortured and framed by the police. However, it is not that easy as many people try to silence her.","2014",8220
"Tarikh","https://hoichoi.tv/movies/watch-tarikh-bengali-movie-online","Anirban, an idealist professor, and Ira, a conservative hospitality professional, are happily married. However, something unusually strong seems to pull Ira towards Anirban’s friend, Rudranshu. Tarikh explores various facets of human existence – life, death, morals, immortality, unrequited love, sacrifices – through the lives of these three characters with contrasting views of the world and life.",NA,6914
"Thammar Boyfriend","https://hoichoi.tv/films/title/thammar-boyfriend","""Thammar Boyfriend"" revolves around a wealthy but lonely woman, Nandini who decides to tie the knot again with a young and handsome bridegroom, Partho. ","2011",7098
"The Parcel","https://hoichoi.tv/movies/watch-the-parcel-bengali-movie-online","What happens when you suddenly start receiving mysterious parcels containing seemingly ordinary gifts? 'The Parcel' is the story of Nandini and Souvik, whose blissful life gets stirred by parcels from an anonymous sender. Which dark secret threatens to unmask itself and turn everything upside down?",NA,7483
"Titas Ekti Nadir Naam","https://hoichoi.tv/films/title/titas-ekti-nadir-naam","A Ritwik Ghatak film, ""Titas Ekti Nadir Naam"" is about a woman who’s saved by a fisherman from being sacrificed. But what’s in her fate? ","1977",8933
"Titli","https://hoichoi.tv/films/title/titli","A teenager, Titli, who meets her favourite superstar, Rohit Roy, at an airport with her mother. But, her dreams get quickly shattered.","2013",6231
"Total Dadagiri","https://hoichoi.tv/films/title/total-dadagiri","Joy falls in love with Jonaki, an MBA student, but is disliked by her father because of his failures as a student. Will he be able to convince her father ?","2017",8764
"Troyee","https://hoichoi.tv/films/title/troyee","The classic tale of love triangle, ""Troyee"" is about three college students, Avik, Ranjan and Seema, who hang out together all the time but things get complicated when Avik and Ranjan fall in love with Seema.","1980",6326
"Tulkalam","https://hoichoi.tv/films/title/tulkalam","The sudden boom in industrialisation threatens to take away the fertile lands from a village wherein honest, hard-working people work to make a living.","2010",7920
"Uttar Meleni","https://hoichoi.tv/films/title/uttar-meleni","""Uttar Meleni"" is about a modern woman’s life-long struggles. Does society view a self-reliant woman in a positive light? ","2002",8776
"Uttarayan","https://hoichoi.tv/films/title/uttarayan","""Uttarayan"" is a classic tale of love within the war infested country. Can it triumph amidst the adversities of war?","1962",8123
"Vidyasagar","https://hoichoi.tv/films/title/vidyasagar","In a bid to eradicate social evils and propagate a progressive mindset, Ishwar Chandra Vidyasagar strives hard to educate the masses.","2002",8520
"Warrish","https://hoichoi.tv/films/title/warrish","""Warrish"" is about a man caught between his married life and his one-time fling with a former lover who is now dying. ","2012",8075
"Yoddha (2014)","https://hoichoi.tv/films/title/yoddha","Rudra, a soldier in ancient times, dies while fighting for his one true love, Princess Durga and is reincarnated as Abir and resumes his search for his lover.",NA,9038
"Zulfiqar","https://hoichoi.tv/films/title/zulfiqar","An adaptation of two of William Shakespeare's tragedies: Julius Caesar and Antony and Cleopatra, Zulfiqar tells the story of opposing members of a powerful criminal organisation who fight with each other, ultimately leading to violence and bloodshed.","2016",8296
